	class	confidentNormal
AAACCTGAGTTAACGA	tumor	NA
AAACCTGTCATAGCAC	tumor	NA
AAACCTGTCCAAACAC	normal	NA
AAAGCAAAGTCTTGCA	normal	NA
AAAGCAAGTGATAAAC	tumor	NA
AAAGTAGAGTCCGTAT	tumor	NA
AAAGTAGGTCTAGTCA	tumor	NA
AAAGTAGGTGCCTGTG	tumor	NA
AAAGTAGTCATGCAAC	normal	NA
AAATGCCCATTCTCAT	normal	NA
AAATGCCGTAGCCTAT	normal	NA
AACACGTCACACCGCA	normal	NA
AACACGTTCAGAGCTT	normal	NA
AACCATGTCGCTTAGA	tumor	NA
AACCATGTCTTTACGT	normal	NA
AACCGCGAGCAACGGT	normal	NA
AACCGCGAGCAGCCTC	tumor	NA
AACCGCGTCACTGGGC	normal	NA
AACGTTGCACTTGGAT	tumor	NA
AACTCAGAGGGCATGT	normal	NA
AACTCAGCATGCTAGT	tumor	NA
AACTCAGTCTCTGTCG	normal	NA
AACTCCCCAATCTGCA	tumor	NA
AACTCCCGTATTCGTG	normal	NA
AACTCTTCATAAGACA	normal	NA
AACTGGTTCAGCTCTC	tumor	NA
AAGACCTAGGTAGCCA	tumor	NA
AAGACCTTCGGATGTT	tumor	NA
AAGACCTTCTAACGGT	normal	yes
AAGCCGCAGATGTAAC	normal	NA
AAGGAGCCACTAGTAC	tumor	NA
AAGGAGCTCGCTTAGA	tumor	NA
AAGGCAGGTTGCTCCT	tumor	NA
AAGGTTCCACGCTTTC	normal	NA
AAGGTTCCAGCTGCAC	normal	NA
AAGGTTCGTCCGTTAA	tumor	NA
AAGTCTGAGGTTACCT	tumor	NA
AAGTCTGGTTAGAACA	tumor	NA
AAGTCTGTCAAAGTAG	tumor	NA
AATCCAGAGATAGGAG_TNBC2	normal	NA
AATCGGTAGATAGTCA	tumor	NA
AATCGGTCAAAGTCAA	tumor	NA
AATCGGTCATAAAGGT	tumor	NA
AATCGGTGTTACAGAA	tumor	NA
ACACCAAGTCTTTCAT	tumor	NA
ACACCAAGTGCACGAA	normal	NA
ACACCCTCAAGAGTCG	tumor	NA
ACACCGGAGTAACCCT	normal	NA
ACACCGGAGTCTTGCA	normal	NA
ACACTGAAGCGATATA	normal	NA
ACAGCCGCACTGTCGG	normal	NA
ACAGCCGCAGGCGATA	tumor	NA
ACAGCCGGTAGATTAG	tumor	NA
ACAGCCGGTGCGATAG	tumor	NA
ACAGCTAGTACTCAAC	tumor	NA
ACAGCTAGTCTCAACA	tumor	NA
ACATACGGTTTAGCTG	tumor	NA
ACATACGTCTTTAGTC	tumor	NA
ACATCAGAGCTGGAAC	tumor	NA
ACATCAGCACAACGCC	normal	NA
ACATCAGCAGTAGAGC	tumor	NA
ACATCAGGTAGGCATG	tumor	NA
ACATGGTCACAAGACG	normal	NA
ACCAGTAAGCTGGAAC	tumor	NA
ACCAGTATCGCCTGTT	tumor	NA
ACCCACTCACCATGTA	normal	NA
ACCCACTCATGAAGTA	tumor	NA
ACCCACTTCTCGAGTA	normal	NA
ACCGTAATCATTATCC	tumor	NA
ACCTTTAGTAAGGGCT	normal	NA
ACGAGCCAGTTCGCAT	normal	NA
ACGAGCCTCAACCATG	tumor	NA
ACGAGGAAGTGAAGTT	normal	NA
ACGATACTCACGACTA	tumor	NA
ACGATACTCGACGGAA	normal	NA
ACGATGTCAAGCCGTC	tumor	NA
ACGCAGCCACAAGTAA	normal	NA
ACGCAGCCAGAGCCAA	tumor	NA
ACGCCAGGTCGATTGT	tumor	NA
ACGCCAGTCACCAGGC	normal	NA
ACGCCGACAAAGAATC	tumor	NA
ACGGAGAAGAGCCCAA	tumor	NA
ACGGAGAGTCCTCTTG	tumor	NA
ACGGCCAAGGGCTTGA	tumor	NA
ACGGCCAAGTGTCCAT	normal	NA
ACGGCCACAAACCCAT	tumor	NA
ACGGCCATCAGAGGTG	tumor	NA
ACGGGCTAGCAATCTC	tumor	NA
ACGGGCTAGGCTAGGT	tumor	NA
ACGGGTCAGGAGTAGA	tumor	NA
ACGGGTCAGGTAAACT	tumor	NA
ACGGGTCGTCCGAGTC	tumor	NA
ACGTCAATCTGCCCTA	normal	NA
ACTATCTCAAGGACAC	normal	NA
ACTATCTCAGGCAGTA	tumor	NA
ACTGAACAGCTCCCAG	normal	NA
ACTGAACCAAAGTCAA	tumor	NA
ACTGAACCAGCCACCA	tumor	NA
ACTGAACCATGGGAAC	tumor	NA
ACTGAACCATTGTGCA	tumor	NA
ACTGAACGTAAATGTG	tumor	NA
ACTGAACTCACCACCT	normal	yes
ACTGAGTCACATCTTT	tumor	NA
ACTGAGTTCTCAACTT	tumor	NA
ACTGATGAGCAATATG	normal	NA
ACTGATGCACTGAAGG	tumor	NA
ACTGATGCAGATCGGA	tumor	NA
ACTGATGGTCATGCCG	tumor	NA
ACTGATGTCAAAGTAG	tumor	NA
ACTGATGTCCTTGGTC	tumor	NA
ACTGCTCTCTGCCAGG	tumor	NA
ACTGTCCAGGCATGTG	tumor	NA
ACTGTCCAGGCGTACA	tumor	NA
ACTGTCCCAACACGCC	normal	NA
ACTTACTCAGATGGCA	tumor	NA
ACTTACTTCTGCGGCA	normal	NA
ACTTGTTGTTAAAGAC	tumor	NA
ACTTTCAAGGGTATCG	tumor	NA
AGAATAGAGTACACCT	tumor	NA
AGAATAGTCATGTCTT	normal	yes
AGAATAGTCTCCCTGA	normal	yes
AGAATAGTCTTTACAC	tumor	NA
AGACGTTAGAAACCTA	tumor	NA
AGAGCGACACGGTAAG	normal	NA
AGAGCGACATATGCTG	tumor	NA
AGAGCGATCTGGTGTA	tumor	NA
AGAGTGGAGAAAGTGG	tumor	NA
AGAGTGGTCAGGCAAG	tumor	NA
AGATCTGCAGTAAGCG	tumor	NA
AGATCTGCATATACCG	tumor	NA
AGATCTGTCGTAGATC	normal	NA
AGATTGCCAGACTCGC	normal	NA
AGATTGCGTGGCTCCA	normal	NA
AGCAGCCAGTTACCCA	normal	NA
AGCAGCCGTGCACTTA	tumor	NA
AGCATACTCATGGTCA	normal	NA
AGCATACTCTGGCGAC	normal	NA
AGCCTAAAGTGCGTGA	normal	NA
AGCGGTCCAGGTCTCG	tumor	NA
AGCGGTCGTGGACGAT	tumor	NA
AGCGGTCGTTGTACAC	tumor	NA
AGCGTATCAAAGAATC	tumor	NA
AGCGTATGTGTAAGTA	normal	NA
AGCGTATTCTTTCCTC	normal	NA
AGCGTCGTCCGATATG	tumor	NA
AGCTCCTAGCTACCTA	normal	NA
AGCTCCTTCATTGCCC	tumor	NA
AGCTCTCGTTAGTGGG	normal	NA
AGCTTGATCTCCAACC	tumor	NA
AGGCCACCATTACGAC	tumor	NA
AGGCCACGTCGCATCG	normal	NA
AGGCCGTAGATATACG	tumor	NA
AGGCCGTCACCAACCG	tumor	NA
AGGGAGTTCAGCATGT	normal	NA
AGGGAGTTCGTCACGG	tumor	NA
AGGGATGCACACGCTG	normal	yes
AGGGTGAAGTACATGA	tumor	NA
AGGGTGACATATACGC	normal	NA
AGGGTGAGTGACAAAT	tumor	NA
AGGGTGATCTGGTATG	normal	NA
AGGTCATGTGCTCTTC	normal	NA
AGGTCATGTTACGCGC	normal	NA
AGGTCATTCGCTTGTC	tumor	NA
AGGTCCGAGAACTCGG	tumor	NA
AGGTCCGAGTATTGGA	tumor	NA
AGGTCCGCATAAAGGT	normal	NA
AGTAGTCTCCGGCACA	tumor	NA
AGTCTTTAGGTAAACT	tumor	NA
AGTCTTTGTAGCTTGT	normal	NA
AGTGAGGCACCGAATT	normal	NA
AGTGAGGTCGTCGTTC	normal	NA
AGTGGGAAGTCGATAA	tumor	NA
AGTGGGAGTGTTAAGA	tumor	NA
AGTGTCAAGTTCGATC	tumor	NA
ATAACGCGTATCTGCA	tumor	NA
ATCACGATCCTCAATT	tumor	NA
ATCACGATCGGCATCG	tumor	NA
ATCATCTAGAGACTTA	tumor	NA
ATCATCTCAGCCTTTC	normal	yes
ATCATCTTCCCAACGG	normal	NA
ATCCACCCAATAGCAA	tumor	NA
ATCCACCTCACCCGAG	normal	NA
ATCCACCTCACCTTAT	normal	NA
ATCCGAACACATAACC	tumor	NA
ATCCGAAGTCCAACTA	normal	NA
ATCTGCCAGACTTGAA	tumor	NA
ATCTGCCGTCGCGAAA	normal	NA
ATCTGCCTCAGCTCGG	normal	NA
ATGAGGGGTCCAGTTA	normal	NA
ATGAGGGTCAAGGCTT	tumor	NA
ATGAGGGTCATCGCTC	tumor	NA
ATGCGATGTCCTAGCG	tumor	NA
ATGCGATTCAACCATG	normal	NA
ATGCGATTCCTACAGA	normal	NA
ATGGGAGAGTGCGTGA	tumor	NA
ATGGGAGAGTTAGCGG	normal	NA
ATGTGTGAGCAGGTCA	normal	NA
ATGTGTGCACACCGAC	tumor	NA
ATTACTCCATCGGGTC	normal	NA
ATTACTCGTTAGGGTG	tumor	NA
ATTACTCTCAGCTCTC	normal	NA
ATTACTCTCCCAACGG	tumor	NA
ATTATCCCAAGTAGTA	tumor	NA
ATTATCCGTTAAAGAC	tumor	NA
ATTCTACAGATATGCA	normal	NA
ATTCTACAGGATGTAT	tumor	NA
ATTCTACTCCTAAGTG	normal	NA
ATTGGACAGAAGGACA	tumor	NA
ATTGGACAGCAATCTC	normal	NA
ATTGGTGTCTTGGGTA	tumor	NA
ATTTCTGCAAGACACG	tumor	NA
CAACCAACACCTTGTC	tumor	NA
CAACCAAGTCCGAATT	tumor	NA
CAACCTCGTAGCTGCC	normal	NA
CAACCTCGTGTGCGTC	tumor	NA
CAACCTCTCTGTCAAG	tumor	NA
CAACTAGGTGTGCCTG	tumor	NA
CAACTAGTCACCATAG	normal	NA
CAAGAAAGTCCGAAGA	tumor	NA
CAAGATCCACCACGTG	tumor	NA
CAAGATCCAGCGTCCA	normal	NA
CAAGATCTCACAACGT	normal	NA
CAAGATCTCTTCGAGA	tumor	NA
CAAGGCCAGAATAGGG	tumor	NA
CAAGGCCAGATGTTAG	tumor	NA
CAAGGCCAGGATGCGT	tumor	NA
CAAGGCCAGTGCGATG	normal	NA
CAAGGCCGTGCAGTAG	tumor	NA
CAAGTTGTCCTAGAAC	tumor	NA
CAAGTTGTCTTCTGGC	normal	NA
CACAAACAGCTGTTCA	tumor	NA
CACACAACACCATCCT	normal	NA
CACACAAGTTGGTGGA	normal	yes
CACACAATCCTTTCTC	normal	NA
CACACCTCAGCGAACA	tumor	NA
CACACCTGTAAGAGGA	tumor	NA
CACACTCCAATGAAAC	normal	NA
CACACTCCACAGGAGT	tumor	NA
CACACTCCATGGGAAC	normal	NA
CACAGGCGTGGCGAAT	normal	NA
CACAGTAGTCTTGTCC	normal	NA
CACAGTAGTTTGTTGG	normal	NA
CACATTTGTTGCCTCT	tumor	NA
CACCACTGTCCTAGCG	normal	NA
CACCAGGCAGTCGTGC	tumor	NA
CACCAGGCATTCTTAC	normal	NA
CACCAGGGTGGTACAG	tumor	NA
CACCTTGCACCCATTC	tumor	NA
CACCTTGGTAGAAAGG	tumor	NA
CACTCCAGTATGAAAC	tumor	NA
CAGAATCAGTGAATTG	normal	NA
CAGAGAGTCGTCCGTT	tumor	NA
CAGCAGCAGCACCGTC	normal	NA
CAGCAGCGTTACGACT	normal	yes
CAGCATAAGAAGGTTT	tumor	NA
CAGCCGAAGCGAGAAA	tumor	NA
CAGCCGAAGGTGCACA	tumor	NA
CAGCCGAGTCTCCCTA	normal	NA
CAGCGACCAACGATCT	tumor	NA
CAGCGACCAATGACCT	tumor	NA
CAGGTGCGTAGCTAAA	tumor	NA
CAGTAACCATCCTTGC	tumor	NA
CAGTAACTCCCAGGTG	normal	yes
CAGTCCTCAACTGCTA	normal	NA
CAGTCCTCATGCCTAA	normal	NA
CAGTCCTTCCCATTTA	normal	NA
CATATGGAGTTGTCGT	tumor	NA
CATATGGCAGCGATCC	tumor	NA
CATATGGCATCACGTA	tumor	NA
CATATGGGTACAAGTA	tumor	NA
CATATGGGTTGTGGAG	tumor	NA
CATATTCCACCTCGGA	tumor	NA
CATCAAGAGACACGAC	normal	NA
CATCAAGAGGACACCA	tumor	NA
CATCAAGCACGCTTTC	normal	yes
CATCAGACACCAGGCT	tumor	NA
CATCCACAGAAGGCCT	normal	NA
CATCGAAAGCCTTGAT	normal	NA
CATCGAAAGGGTGTTG	tumor	NA
CATCGAACATCCCATC	normal	NA
CATCGGGAGCAATCTC	normal	NA
CATCGGGGTCCGAAGA	normal	NA
CATGACAGTAAGCACG	tumor	NA
CATGACAGTGTGACCC	tumor	NA
CATGCCTTCACCTTAT	tumor	NA
CATGGCGAGGGAAACA	normal	NA
CATGGCGCAAACGTGG	tumor	NA
CATGGCGCACACAGAG	normal	yes
CATGGCGCAGAAGCAC	tumor	NA
CATGGCGGTCAGATAA	tumor	NA
CATGGCGTCCCTAATT	normal	NA
CATTATCGTGATGTCT	normal	NA
CATTATCTCATAAAGG	tumor	NA
CATTCGCGTTAAGACA	normal	NA
CATTCGCTCCGCTGTT	tumor	NA
CCAATCCGTAGGGACT	tumor	NA
CCACCTAAGTCCGGTC	tumor	NA
CCACCTAGTACCGCTG	normal	yes
CCACCTATCCTTGGTC	tumor	NA
CCACGGAAGGAGTACC	normal	NA
CCACTACCACAGACTT	tumor	NA
CCACTACGTTCCACGG	tumor	NA
CCAGCGACAATAAGCA	normal	NA
CCATGTCGTCGACTAT	tumor	NA
CCATGTCGTCGCTTTC	tumor	NA
CCATTCGGTATATGGA	tumor	NA
CCATTCGGTCTGGAGA	normal	NA
CCCAATCCAGGATTGG	normal	yes
CCCAATCGTGATGTCT	tumor	NA
CCCAGTTAGAGCCCAA	normal	NA
CCCAGTTTCATGCAAC	normal	NA
CCCATACAGTTAAGTG	tumor	NA
CCCTCCTCAACACCTA	normal	NA
CCCTCCTCATGTAGTC	tumor	NA
CCGGGATCATCTCCCA	tumor	NA
CCGGTAGAGCGCTCCA	normal	NA
CCGGTAGCACATGTGT	tumor	NA
CCGGTAGCATTAGGCT	normal	yes
CCGGTAGGTCCATCCT	tumor	NA
CCGGTAGGTTCGAATC	normal	yes
CCGGTAGTCCTAGAAC	tumor	NA
CCGTACTAGACTAAGT	normal	NA
CCGTACTCATCCTAGA	normal	NA
CCGTACTGTCCGACGT	tumor	NA
CCGTGGAAGATTACCC	normal	NA
CCGTGGACATGCATGT	normal	NA
CCGTTCACACTAAGTC	tumor	NA
CCTACACAGATGCCTT	tumor	NA
CCTACACAGATGTTAG	tumor	NA
CCTACACGTCACACGC	tumor	NA
CCTACACTCTGCGACG	tumor	NA
CCTACACTCTGGGCCA	normal	NA
CCTACCACAAGCGCTC	normal	NA
CCTACCACAAGTCTAC	tumor	NA
CCTACCATCTCACATT	tumor	NA
CCTAGCTTCTAACTGG	tumor	NA
CCTATTAAGTCCGTAT	tumor	NA
CCTATTACATTATCTC	tumor	NA
CCTCAGTGTCTAGGTT	tumor	NA
CCTCTGACACGAAACG	tumor	NA
CCTCTGAGTACTCAAC	tumor	NA
CCTTACGAGCGATGAC	normal	NA
CCTTACGGTAGCGCAA	tumor	NA
CCTTACGTCAACGAAA	tumor	NA
CCTTCGAAGCCACGTC	tumor	NA
CCTTCGACAAGCTGAG	tumor	NA
CCTTCGACAGCTTAAC	tumor	NA
CCTTTCTTCCGTAGGC	normal	NA
CCTTTCTTCGTAGATC	tumor	NA
CGAACATGTCGACTAT	tumor	NA
CGAACATGTGACCAAG	tumor	NA
CGAACATTCACTGGGC	normal	NA
CGAACATTCAGCTGGC	tumor	NA
CGAACATTCGGTTAAC	tumor	NA
CGAATGTTCAACGCTA	normal	NA
CGACCTTAGTGGGTTG	tumor	NA
CGACCTTTCAGGCGAA	tumor	NA
CGACCTTTCATGTCCC	normal	NA
CGACTTCGTACCGGCT	tumor	NA
CGACTTCTCGGAAACG	normal	NA
CGAGAAGAGTGGCACA	tumor	NA
CGAGAAGCACTCTGTC	tumor	NA
CGAGCACTCGGAAATA	normal	NA
CGAGCCATCAAAGTAG	tumor	NA
CGATCGGCATTATCTC	normal	NA
CGATCGGTCAGGATCT	tumor	NA
CGATCGGTCAGTACGT	tumor	NA
CGATCGGTCGCGGATC	tumor	NA
CGATGGCTCGATAGAA	tumor	NA
CGATGGCTCGTTGACA	normal	NA
CGATGTACACGACGAA	tumor	NA
CGATTGAAGATGTGTA	tumor	NA
CGATTGAAGGCCGAAT	normal	NA
CGATTGACAACACCTA	normal	yes
CGCCAAGCAGTAAGAT	tumor	NA
CGCCAAGCATTACCTT	normal	NA
CGCCAAGTCCAAATGC	tumor	NA
CGCGGTAAGGACCACA	normal	NA
CGCGGTAGTAGATTAG	normal	NA
CGCGTTTGTCTGCCAG	normal	NA
CGCGTTTTCAGTACGT	tumor	NA
CGCTATCAGGCACATG	tumor	NA
CGCTATCCATCAGTCA	tumor	NA
CGCTATCGTTGTGGAG	normal	NA
CGCTGGAGTACAGTGG	tumor	NA
CGCTGGAGTAGCCTAT	tumor	NA
CGCTGGAGTGGAAAGA	normal	NA
CGCTGGAGTTGTGGCC	tumor	NA
CGGACACAGCTGCAAG	tumor	NA
CGGACACCACATCCGG	tumor	NA
CGGACACGTGTAATGA	tumor	NA
CGGACACTCGTACGGC_TNBC2	normal	NA
CGGACGTAGTACGCGA	tumor	NA
CGGACGTAGTGTGAAT	tumor	NA
CGGACGTCAAGGCTCC	normal	NA
CGGACGTCAAGGTTCT	normal	NA
CGGACGTTCTCCAGGG	tumor	NA
CGGACTGGTCCTAGCG	tumor	NA
CGGACTGGTGGCAAAC	normal	NA
CGGACTGGTTCCCGAG	tumor	NA
CGGAGTCAGGACTGGT	normal	NA
CGGAGTCCAAAGGTGC	tumor	NA
CGGCTAGCAGGGAGAG	normal	NA
CGGCTAGTCTTTACAC	normal	NA
CGGGTCAAGCTCCTCT	normal	NA
CGGGTCATCACCTCGT	normal	NA
CGGTTAACATGCGCAC	tumor	NA
CGGTTAATCCGCGCAA	tumor	NA
CGGTTAATCGGCGCAT	normal	NA
CGTAGCGGTGGGTCAA	tumor	NA
CGTAGGCCACAGAGGT	tumor	NA
CGTAGGCCACATAACC	tumor	NA
CGTAGGCGTTGGTTTG	normal	NA
CGTCACTAGTCGATAA	tumor	NA
CGTCAGGCAAGCCGCT	tumor	NA
CGTCCATGTCCGAGTC	normal	NA
CGTCCATTCAGTTCGA	tumor	NA
CGTCTACAGACAGGCT	tumor	NA
CGTCTACCACTAAGTC	tumor	NA
CGTCTACGTCACCTAA	tumor	NA
CGTGAGCAGCCACGCT	tumor	NA
CGTGAGCAGCCTTGAT	normal	NA
CGTGAGCCAATTGCTG	tumor	NA
CGTGAGCGTTGCGCAC	tumor	NA
CGTGTAAGTGTGAATA	tumor	NA
CGTGTCTAGAGGGCTT	normal	NA
CGTGTCTCAAGCGTAG	normal	NA
CGTGTCTCAGTATAAG	normal	NA
CGTTAGATCAGGTTCA	tumor	NA
CGTTCTGCAAGCTGTT	tumor	NA
CGTTCTGTCGTTACAG	tumor	NA
CGTTGGGGTGCACGAA	normal	NA
CGTTGGGGTTATCGGT	normal	NA
CTAACTTAGCACCGTC	normal	NA
CTAACTTTCGAATGGG	normal	NA
CTAAGACAGTCCATAC	tumor	NA
CTAAGACTCAACACCA	tumor	NA
CTAATGGCATCCCACT	tumor	NA
CTACACCCAGACAGGT	normal	NA
CTACATTAGGAACTGC	tumor	NA
CTACATTAGTTAACGA	normal	NA
CTACATTCACCTATCC	tumor	NA
CTACATTGTAGGCATG	tumor	NA
CTACATTGTATTCGTG	tumor	NA
CTACATTGTTTCGCTC	tumor	NA
CTACATTTCCTGCCAT	normal	yes
CTACATTTCTTTAGTC	tumor	NA
CTACGTCCAGGTGGAT	tumor	NA
CTACGTCCATTTGCTT	tumor	NA
CTACGTCGTCTAGGTT	normal	NA
CTACGTCTCTCGGACG	tumor	NA
CTAGAGTAGACAAGCC	normal	NA
CTAGAGTAGACAATAC	normal	NA
CTAGAGTAGGCACATG	tumor	NA
CTAGAGTCAGTTCCCT	normal	NA
CTAGAGTTCCACTCCA	normal	NA
CTAGAGTTCTCTGAGA	tumor	NA
CTAGCCTCATCGGGTC	tumor	NA
CTAGCCTCATGTCGAT	tumor	NA
CTAGTGAAGATCCTGT	normal	NA
CTAGTGAAGCCCAGCT_TNBC2	tumor	NA
CTAGTGAAGTGTTTGC	normal	NA
CTAGTGAGTATAGGGC	normal	NA
CTAGTGAGTCAACATC	normal	NA
CTAGTGATCACGCATA	normal	NA
CTAGTGATCTATCGCC	tumor	NA
CTCAGAAAGTGCCAGA	normal	NA
CTCAGAATCATGTGGT	normal	NA
CTCATTATCCTCAACC	tumor	NA
CTCATTATCTAACCGA	tumor	NA
CTCCTAGGTACCCAAT	normal	NA
CTCCTAGGTCAAGCGA	normal	NA
CTCGAAAAGTCTTGCA	tumor	NA
CTCGAAACAGTAAGCG	tumor	NA
CTCGAAATCTGCTGTC	tumor	NA
CTCGAAATCTTGTACT	tumor	NA
CTCGGAGAGCGTTTAC	normal	NA
CTCGGAGCATTCTCAT	tumor	NA
CTCGGAGGTGAGGGAG	normal	NA
CTCGGAGGTTGCTCCT	normal	yes
CTCGGGAGTTAAGAAC	normal	NA
CTCGTACCAGAAGCAC	tumor	NA
CTCGTACTCAGCAACT	tumor	NA
CTCGTACTCGTATCAG	normal	NA
CTCGTCAAGGCTCAGA	normal	NA
CTCGTCATCCGCGGTA	tumor	NA
CTCTAATAGCCGATTT	tumor	NA
CTCTAATAGCGTGTCC	normal	NA
CTCTAATGTACCCAAT	tumor	NA
CTCTACGAGCAAATCA	tumor	NA
CTCTACGTCCAGAAGG	tumor	NA
CTCTGGTAGTTGCAGG	tumor	NA
CTCTGGTCATGGGACA	tumor	NA
CTCTGGTTCGGAATCT	tumor	NA
CTCTGGTTCGGCGCAT	tumor	NA
CTGAAACCAAGCTGAG	tumor	NA
CTGAAACGTGTGCCTG	tumor	NA
CTGAAGTCAATCACAC	tumor	NA
CTGAAGTCACGGATAG	tumor	NA
CTGAAGTGTGACCAAG	tumor	NA
CTGATAGCATGCTAGT	normal	NA
CTGATCCCACTGTTAG	normal	yes
CTGATCCCATCACGAT	tumor	NA
CTGCCTACATTACGAC	tumor	NA
CTGCCTAGTTCCCGAG	tumor	NA
CTGCCTATCTAACGGT	tumor	NA
CTGCGGATCACAATGC	normal	NA
CTGCTGTCAAGCGAGT	tumor	NA
CTGCTGTGTATATGGA	normal	NA
CTGGTCTAGAGCTGGT	tumor	NA
CTGGTCTAGTGCCAGA	tumor	NA
CTGGTCTCATACCATG	normal	NA
CTGGTCTGTCAAAGAT	normal	NA
CTGGTCTTCATGCAAC	normal	NA
CTGTGCTCAAGTTGTC	tumor	NA
CTGTGCTGTCTTCTCG	normal	NA
CTGTGCTTCAGGCCCA	tumor	NA
CTGTTTAGTCTCATCC	normal	NA
CTTAACTAGTTGTCGT	normal	NA
CTTAACTCATGCCTTC	tumor	NA
CTTAACTCATGTTGAC	tumor	NA
CTTACCGAGAAACCTA	normal	NA
CTTACCGAGGAATCGC	tumor	NA
CTTACCGGTCAGAGGT	tumor	NA
CTTCTCTCAGGACCCT	normal	NA
CTTGGCTCATTGGTAC	normal	NA
CTTGGCTGTGTGACCC	tumor	NA
CTTGGCTGTTTGGCGC	normal	NA
CTTTGCGCAAAGTCAA	tumor	NA
CTTTGCGCACACCGAC	normal	yes
CTTTGCGGTCCTCCAT	normal	NA
GAAACTCAGCCACGCT	normal	NA
GAAACTCGTGCAGGTA	normal	NA
GAAATGAAGAATTGTG	normal	NA
GAAATGACACCTTGTC	tumor	NA
GAAATGAGTGGCCCTA	tumor	NA
GAAATGAGTTATTCTC	tumor	NA
GAACATCAGACACTAA	normal	NA
GAACATCAGATGGGTC	normal	NA
GAACATCGTACCGCTG	tumor	NA
GAACCTACAGGAATCG	normal	NA
GAACGGACATGTAAGA	tumor	NA
GAACGGAGTTATGCGT	tumor	NA
GAAGCAGAGGAGCGTT	normal	NA
GAAGCAGTCCAAACTG	normal	yes
GAAGCAGTCGAGAGCA	normal	NA
GAAGCAGTCGTGGTCG	tumor	NA
GAATAAGAGGGTCTCC	tumor	NA
GAATGAAAGCCAGGAT	normal	NA
GAATGAAAGCGTAGTG	tumor	NA
GAATGAATCGACAGCC	tumor	NA
GAATGAATCTACGAGT	tumor	NA
GACACGCAGACTAAGT	normal	yes
GACACGCAGCACGCCT	normal	NA
GACACGCTCACCATAG	tumor	NA
GACACGCTCATAACCG	tumor	NA
GACAGAGAGGCTCTTA	tumor	NA
GACAGAGAGTGAACAT	normal	NA
GACAGAGCAAACTGCT	normal	NA
GACCAATAGCCCGAAA	normal	NA
GACCAATAGTTGCAGG	normal	NA
GACCAATCAAACCCAT	normal	NA
GACCAATCACCATCCT	normal	NA
GACCAATTCCCTCAGT	normal	NA
GACCTGGAGCAATATG	normal	NA
GACCTGGAGCGTAATA	tumor	NA
GACCTGGAGCTCCTTC	tumor	NA
GACCTGGGTCATGCCG	tumor	NA
GACGCGTCAATCCAAC	normal	NA
GACGGCTAGTGAAGAG	normal	NA
GACGTGCAGCACCGTC	tumor	NA
GACGTGCTCGGAGCAA	tumor	NA
GACTAACCAGCATACT	tumor	NA
GACTAACCATGAACCT	tumor	NA
GACTAACGTAGAGGAA	tumor	NA
GACTAACTCACCTCGT	tumor	NA
GACTACACATCACGAT	tumor	NA
GACTACAGTGGACGAT	tumor	NA
GACTGCGAGACATAAC	normal	NA
GACTGCGTCAGTCAGT	tumor	NA
GAGCAGAAGTGTTGAA	tumor	NA
GAGCAGACAGCCTTGG	tumor	NA
GAGCAGACAGCTATTG	tumor	NA
GAGCAGACATTTGCTT	tumor	NA
GAGCAGAGTGCGGTAA	normal	NA
GAGGTGAGTCGCATAT	tumor	NA
GAGGTGAGTGAGGGAG	normal	NA
GAGTCCGCAAGCTGGA	tumor	NA
GATCAGTGTCCGCTGA	normal	NA
GATCAGTGTGCTCTTC	normal	NA
GATCGATGTCTCCACT	normal	NA
GATCGATTCTGAGTGT	tumor	NA
GATCGCGAGGCTATCT	normal	NA
GATCGCGCACATTTCT	tumor	NA
GATCGCGGTAGCTAAA	tumor	NA
GATCGCGTCAGGTAAA	tumor	NA
GATCGTAAGATGCCTT	normal	NA
GATCGTAAGGGCTTGA	tumor	NA
GATCGTACACCCAGTG	normal	NA
GATCTAGTCCCAAGTA	normal	NA
GATGAAAGTACAAGTA	tumor	NA
GATGAAAGTGATGATA	normal	NA
GATGAGGGTATAGTAG	tumor	NA
GCAAACTCAGTATAAG	tumor	NA
GCAAACTTCGCAAACT	tumor	NA
GCAATCAAGCCTTGAT	tumor	NA
GCACTCTCATGGAATA	normal	NA
GCACTCTTCAATCACG	tumor	NA
GCACTCTTCTCACATT	tumor	NA
GCAGCCAAGATAGTCA	normal	NA
GCAGCCAAGCTAGCCC	tumor	NA
GCAGCCACATAGTAAG	tumor	NA
GCAGCCAGTGGCCCTA	tumor	NA
GCAGCCATCTGCTGCT	tumor	NA
GCAGTTAAGAAGGACA	normal	NA
GCAGTTAAGAATCTCC	normal	NA
GCAGTTACAGCAGTTT	normal	NA
GCAGTTACATAGAAAC	normal	NA
GCATACAGTCACAAGG	tumor	NA
GCATACAGTTTGTTGG	tumor	NA
GCATGATAGGCTAGGT	tumor	NA
GCATGATGTTCACCTC	normal	NA
GCATGCGAGCGATCCC	tumor	NA
GCATGCGGTGCGGTAA	normal	NA
GCATGTAAGCCACGCT	tumor	NA
GCATGTAGTAAAGGAG	normal	NA
GCATGTATCGCGCCAA	tumor	NA
GCCAAATAGCTCCTCT	tumor	NA
GCCAAATAGGCCATAG	normal	NA
GCCAAATAGTACATGA	normal	NA
GCCAAATGTTCCGGCA	normal	NA
GCCTCTATCCTTTACA	tumor	NA
GCGACCAAGATCGGGT	normal	NA
GCGACCATCTCGTATT	normal	NA
GCGAGAAAGCTATGCT	tumor	NA
GCGAGAACACATTAGC	tumor	NA
GCGAGAAGTCTAACGT	tumor	NA
GCGCAACAGATGCCTT	tumor	NA
GCGCAACCATTAGCCA	tumor	NA
GCGCAACGTATAAACG	normal	yes
GCGCAACTCAACACCA	tumor	NA
GCGCCAAAGTGTTGAA	normal	NA
GCGCCAACACTTGGAT	tumor	NA
GCGCCAACAGGGTACA	tumor	NA
GCGCCAATCACTCCTG	normal	NA
GCGCGATGTTCCACTC	normal	NA
GCGGGTTAGCAGCGTA	tumor	NA
GCGGGTTAGCTCCTTC	tumor	NA
GCGGGTTAGGCAAAGA	normal	NA
GCGGGTTAGTGAATTG	tumor	NA
GCGGGTTCACATGGGA	normal	NA
GCGGGTTTCGACAGCC	normal	NA
GCTCCTAAGATCCCAT	tumor	NA
GCTCCTAAGGCCCTTG	tumor	NA
GCTCCTACAATAGCGG	normal	NA
GCTCCTATCTTAGCCC	normal	NA
GCTCTGTTCACCACCT	tumor	NA
GCTCTGTTCAGAGGTG	normal	NA
GCTCTGTTCGTATCAG	tumor	NA
GCTGCAGCACGAAGCA	tumor	NA
GCTGCAGGTGTGACGA	normal	NA
GCTGCGAAGACAGACC	tumor	NA
GCTGCGAAGGGATACC	normal	NA
GCTGCGACAACTGCTA	normal	NA
GCTGCGACATCGTCGG	tumor	NA
GCTGCGATCTTGACGA	normal	NA
GCTGCTTAGCAGACTG	tumor	NA
GCTGCTTCATTCACTT	normal	NA
GCTGCTTGTTTGTGTG	normal	NA
GCTGGGTAGATCCCGC	tumor	NA
GCTGGGTAGGCATTGG	normal	NA
GCTGGGTTCGCCAGCA	tumor	NA
GCTTCCACAACACCTA	normal	NA
GCTTCCACACTAGTAC	normal	NA
GCTTGAATCATGTAGC	tumor	NA
GCTTGAATCTGTCAAG	tumor	NA
GGAAAGCCAAGTCTAC	normal	NA
GGAACTTAGCAAATCA	tumor	NA
GGAACTTCACAACTGT	tumor	NA
GGAACTTGTGACCAAG	tumor	NA
GGAATAAAGCGATATA	normal	NA
GGAATAAGTAGGGACT	tumor	NA
GGACAAGAGTGGACGT	tumor	NA
GGACAGACAAAGTGCG	normal	NA
GGACAGACAGAGTGTG	tumor	NA
GGACATTAGGGCTTCC	normal	NA
GGACATTCAAAGCGGT	tumor	NA
GGACATTTCTTAACCT	tumor	NA
GGAGCAAGTTTGACAC	normal	NA
GGAGCAATCACGATGT	tumor	NA
GGATGTTAGCAGACTG	tumor	NA
GGATGTTAGTGGTAGC	tumor	NA
GGATGTTCACATAACC	tumor	NA
GGATGTTGTACTTCTT	tumor	NA
GGATGTTTCCTTCAAT	tumor	NA
GGATTACAGTTACCCA	normal	NA
GGATTACGTAAGGGCT	tumor	NA
GGCAATTGTGAGGGTT	tumor	NA
GGCCGATCACGTCAGC	tumor	NA
GGCGACTGTCACTGGC	tumor	NA
GGCGACTGTCATGCAT	tumor	NA
GGCGACTGTCTAGAGG	tumor	NA
GGCGTGTCACGAAAGC	normal	NA
GGCGTGTCAGCTCGCA	tumor	NA
GGCGTGTCATCCTTGC	tumor	NA
GGCGTGTTCTCTAAGG	tumor	NA
GGCTCGAGTGCGCTTG	tumor	NA
GGCTCGATCATCTGCC	tumor	NA
GGCTGGTGTACTCTCC	tumor	NA
GGCTGGTGTATATGAG	tumor	NA
GGCTGGTTCCATGAAC	normal	NA
GGGAATGGTGCAACTT	normal	NA
GGGACCTAGATGCCAG	tumor	NA
GGGACCTAGCATGGCA	normal	NA
GGGACCTCACGAAATA	normal	NA
GGGACCTTCGCTTGTC	normal	yes
GGGAGATAGAAACCTA	normal	yes
GGGAGATCAACAACCT	tumor	NA
GGGAGATCAACACCTA	tumor	NA
GGGAGATGTTGGTAAA	tumor	NA
GGGATGAAGGACGAAA	normal	NA
GGGATGACAATGGAGC	normal	NA
GGGATGAGTCGACTAT	tumor	NA
GGGATGAGTCTGATCA	tumor	NA
GGGATGATCGCCCTTA	tumor	NA
GGGCACTCAGGTCCAC	tumor	NA
GGGCACTCATCGGGTC	normal	NA
GGGCACTGTGCTTCTC	tumor	NA
GGGCACTTCAACACCA	tumor	NA
GGGCACTTCACTCTTA	normal	NA
GGGCATCAGGCCATAG	tumor	NA
GGGCATCAGTCCAGGA	tumor	NA
GGGCATCGTAAAGTCA	tumor	NA
GGGCATCTCCGTCAAA	normal	NA
GGGCATCTCCGTTGTC	tumor	NA
GGGTCTGGTCACACGC	normal	NA
GGGTCTGGTCCGAGTC	tumor	NA
GGGTTGCAGTCCGGTC	tumor	NA
GGGTTGCCACAGTCGC	normal	NA
GGGTTGCGTAAGAGGA	normal	NA
GGGTTGCTCACTCCTG	tumor	NA
GGGTTGCTCCGTCATC	normal	NA
GGTATTGCATGGTTGT	tumor	NA
GGTATTGGTGGCTCCA	tumor	NA
GGTATTGTCACCGTAA	normal	NA
GGTGAAGCATTGAGCT	normal	NA
GGTGAAGGTTACCGAT	normal	NA
GGTGCGTGTACCGCTG	tumor	NA
GGTGCGTTCCCAGGTG	tumor	NA
GGTGCGTTCTTAACCT	tumor	NA
GGTGTTAGTATCTGCA	tumor	NA
GTAACGTAGTGCAAGC	tumor	NA
GTAACGTGTATCGCAT	normal	NA
GTAACTGCAGCTATTG	tumor	NA
GTAACTGTCTGTTTGT	tumor	NA
GTACGTAGTCTTCAAG	tumor	NA
GTACGTATCAAGAAGT	tumor	NA
GTACGTATCCTGTAGA_TNBC2	tumor	NA
GTACTTTCAAAGCAAT	normal	NA
GTACTTTTCGACCAGC	tumor	NA
GTAGGCCTCACAAACC	tumor	NA
GTAGGCCTCCCGGATG	normal	NA
GTAGGCCTCGACGGAA	tumor	NA
GTAGTCACAACTGGCC	normal	NA
GTAGTCATCCTGTACC	normal	NA
GTATCTTAGTGGTAGC	tumor	NA
GTATTCTCACAGCCCA	normal	NA
GTATTCTCATTAGCCA	normal	yes
GTCAAGTTCCTTTACA	tumor	NA
GTCACAAGTTACGCGC	normal	NA
GTCACAATCGCGCCAA	normal	NA
GTCACGGCAAACGTGG	tumor	NA
GTCACGGCACGGACAA	tumor	NA
GTCATTTAGGGTCGAT	tumor	NA
GTCATTTGTAATAGCA	tumor	NA
GTCCTCAGTAATAGCA	normal	NA
GTCCTCAGTAGAAGGA	tumor	NA
GTCGGGTCAACACCTA	normal	NA
GTCGTAAAGATGGCGT	tumor	NA
GTCTCGTAGAGTACAT	normal	NA
GTCTCGTCACCGATAT	normal	NA
GTCTCGTGTGCACGAA	normal	NA
GTCTCGTTCTGAAAGA	normal	NA
GTCTCGTTCTGGTGTA	tumor	NA
GTCTTCGCAATCTACG	tumor	NA
GTCTTCGGTCCCTACT	tumor	NA
GTCTTCGTCTACCTGC	tumor	NA
GTGAAGGGTCGCGGTT	normal	NA
GTGCAGCAGCATCATC	tumor	NA
GTGCAGCAGTGAACGC	tumor	NA
GTGCAGCGTTACAGAA	tumor	NA
GTGCATACACTAGTAC	tumor	NA
GTGCATATCATAACCG	tumor	NA
GTGCTTCAGCTGTTCA	tumor	NA
GTGCTTCCAGTCGTGC	tumor	NA
GTGCTTCGTCACACGC	tumor	NA
GTGGGTCCATCCAACA	normal	NA
GTGGGTCGTGGCGAAT	tumor	NA
GTGTGCGGTTTGGGCC	normal	NA
GTGTGCGTCACAACGT	tumor	NA
GTGTTAGAGTTTCCTT	tumor	NA
GTTAAGCCAGCCACCA	tumor	NA
GTTAAGCGTTATGTGC	normal	NA
GTTACAGCAGGCAGTA	tumor	NA
GTTACAGGTCCAGTGC	normal	NA
GTTCATTCATATACGC	tumor	NA
GTTCATTTCACAGTAC	normal	NA
GTTCGGGAGTGTCCCG	normal	NA
GTTCGGGGTGTTTGTG	tumor	NA
GTTTCTATCATCATTC	tumor	NA
TAAACCGGTCTCTTTA	normal	yes
TAAACCGTCTTACCGC	tumor	NA
TAAGAGAAGCCGCCTA	normal	NA
TAAGAGAAGGCGCTCT	tumor	NA
TAAGAGAGTCTGATTG	tumor	NA
TAAGCGTCACCTGGTG	normal	NA
TAAGCGTGTCGTCTTC	normal	NA
TAAGCGTTCCAAATGC	tumor	NA
TAAGTGCCATCACCCT	tumor	NA
TACACGACAGTACACT	normal	NA
TACACGAGTCTAGAGG	tumor	NA
TACAGTGAGGCATGTG	normal	NA
TACAGTGAGGGCTTCC	tumor	NA
TACCTATCATGCTGGC	tumor	NA
TACCTATCATTTCAGG	tumor	NA
TACCTATTCCTTTCTC	tumor	NA
TACCTTAAGAGTTGGC	tumor	NA
TACGGATAGCGATAGC	normal	NA
TACGGATCACTTCTGC	normal	NA
TACGGATGTCCGAATT	tumor	NA
TACGGATGTCTAACGT	tumor	NA
TACGGATTCAAAGTAG	tumor	NA
TACGGATTCACGACTA	tumor	NA
TACGGATTCGCCTGAG	tumor	NA
TACGGGCGTAAGGGAA	tumor	NA
TACGGTAAGTAGCGGT	tumor	NA
TACGGTACACATTTCT	tumor	NA
TACGGTAGTACAAGTA	normal	NA
TACGGTAGTTTGTGTG	normal	NA
TACGGTATCCTATGTT	tumor	NA
TACTCATCATTCCTGC	tumor	NA
TACTCATGTAAAGGAG	tumor	NA
TACTCGCAGAGGTTGC	normal	NA
TACTCGCGTCTCTCTG	tumor	NA
TACTCGCTCCTTCAAT	normal	NA
TACTTACGTTAAGGGC	normal	NA
TACTTACTCAGTTTGG	normal	NA
TACTTGTAGGTTCCTA	normal	NA
TACTTGTAGTACGTTC	tumor	NA
TACTTGTTCCTTGGTC	tumor	NA
TAGAGCTAGCCCAACC	tumor	NA
TAGAGCTCACGGCCAT	tumor	NA
TAGAGCTCACGGTAGA	tumor	NA
TAGAGCTGTTCGCGAC	tumor	NA
TAGCCGGCAATGTAAG	normal	NA
TAGCCGGTCCGAAGAG	normal	NA
TAGGCATTCAGGTTCA	normal	NA
TAGTTGGCACAGAGGT	normal	yes
TAGTTGGGTCGCTTCT	tumor	NA
TATCAGGGTAAGTGGC	tumor	NA
TATCTCAAGAGAACAG	tumor	NA
TATGCCCAGAGTCGGT	normal	NA
TATGCCCGTTATCGGT	tumor	NA
TCAATCTAGCTGTTCA	normal	NA
TCAATCTGTGGTACAG	normal	NA
TCACAAGAGATCCTGT	tumor	NA
TCACAAGCATTGGCGC	tumor	NA
TCACGAACACGCCAGT	tumor	NA
TCACGAACATTAGGCT	tumor	NA
TCACGAAGTTGTTTGG	normal	NA
TCAGATGAGAAGAAGC	normal	yes
TCAGATGAGGGTTTCT	tumor	NA
TCAGATGAGTACGATA	tumor	NA
TCAGCAATCGTCACGG	tumor	NA
TCAGCTCAGGACAGAA	tumor	NA
TCAGCTCCACCGAATT	normal	NA
TCAGGATGTCTGGTCG	tumor	NA
TCAGGTATCTTATCTG	normal	NA
TCAGGTATCTTGCATT	normal	NA
TCATTACCATCACAAC	tumor	NA
TCATTACCATCCGGGT	tumor	NA
TCATTACGTGCGGTAA	normal	NA
TCATTTGCAAGTTGTC	tumor	NA
TCATTTGCAGGGAGAG	tumor	NA
TCATTTGTCGCCTGAG	tumor	NA
TCCACACAGCCGCCTA	tumor	NA
TCCACACCACTCAGGC	tumor	NA
TCCACACGTGGACGAT	tumor	NA
TCCACACTCACTTACT	normal	NA
TCGAGGCGTACCGTTA	tumor	NA
TCGAGGCGTAGAGCTG	tumor	NA
TCGCGTTAGCGTAGTG	normal	NA
TCGCGTTAGGCGACAT	tumor	NA
TCGCGTTGTAAACCTC	normal	NA
TCGGGACAGACTGTAA	normal	NA
TCGGGACAGAGCTGCA	normal	NA
TCGGGACAGCGCTCCA	tumor	NA
TCGGGACAGGTGCAAC	tumor	NA
TCGGGACAGTGATCGG	tumor	NA
TCGTACCAGCTCAACT	normal	NA
TCGTACCCACATAACC	tumor	NA
TCGTACCCACATTAGC	normal	NA
TCGTAGAAGTGGTAAT	tumor	NA
TCGTAGAGTCGCTTTC	normal	NA
TCGTAGATCGGCGCAT	tumor	NA
TCGTAGATCGGTCTAA	tumor	NA
TCTATTGCATCTGGTA	tumor	NA
TCTCATACAGATGGGT	tumor	NA
TCTCATACATAAAGGT	tumor	NA
TCTCATAGTATGAATG	tumor	NA
TCTCATAGTGATAAAC	tumor	NA
TCTCTAAGTCCCTTGT	normal	NA
TCTGAGAAGTTACGGG	normal	NA
TCTGGAAAGTTACGGG	normal	NA
TCTGGAAGTTGGACCC	tumor	NA
TCTGGAATCCAATGGT	tumor	NA
TCTGGAATCGGTGTTA	normal	NA
TCTTCGGAGCCACGCT	normal	NA
TCTTCGGCAATCGGTT	tumor	NA
TCTTCGGCATGGATGG	tumor	NA
TCTTCGGGTCCTGCTT	normal	NA
TCTTTCCGTTCCATGA	tumor	NA
TGACAACGTGCAGTAG	normal	NA
TGACAACTCTTAACCT	tumor	NA
TGACGGCGTCACCTAA	normal	NA
TGACGGCGTCCATCCT	normal	NA
TGACGGCTCGACCAGC	tumor	NA
TGAGAGGAGGTAGCTG	normal	NA
TGAGAGGCATAAAGGT	tumor	NA
TGAGAGGTCGAACTGT	tumor	NA
TGAGCCGCAATCGGTT	tumor	NA
TGAGGGACATCGATTG	tumor	NA
TGATTTCGTTCCCGAG	tumor	NA
TGCACCTAGGCCCTCA	tumor	NA
TGCACCTCACGGTTTA	tumor	NA
TGCCAAAGTAATTGGA	normal	NA
TGCCCATCAAGCTGGA	tumor	NA
TGCCCATGTAGCACGA	normal	NA
TGCCCTAGTTCGTGAT	tumor	NA
TGCCCTATCGTTTATC	tumor	NA
TGCGCAGAGAAGGTGA	normal	NA
TGCGCAGAGATATGCA	normal	NA
TGCGCAGTCTATCGCC	normal	NA
TGCGGGTAGTCAATAG	tumor	NA
TGCGGGTCAGTAACGG	tumor	NA
TGCGGGTTCATTGCGA_TNBC2	normal	NA
TGCGGGTTCGTATCAG	normal	NA
TGCGTGGTCCTCGCAT	normal	NA
TGCTACCGTTGCCTCT	normal	NA
TGCTACCTCACGCATA	normal	NA
TGCTGCTCACGGATAG	tumor	NA
TGCTGCTCAGACTCGC	normal	NA
TGCTGCTGTAAAGGAG	tumor	NA
TGCTGCTTCTACGAGT	normal	NA
TGGACGCAGACTACAA	normal	NA
TGGACGCCACATAACC	normal	NA
TGGCCAGAGTGAACAT	tumor	NA
TGGCCAGTCAGCTCGG	tumor	NA
TGGCCAGTCTCGATGA	tumor	NA
TGGCGCAAGGTTCCTA	tumor	NA
TGGCGCACAATCGAAA	tumor	NA
TGGCGCAGTGCGGTAA	tumor	NA
TGGCTGGAGGGCATGT	tumor	NA
TGGCTGGGTGGTCTCG	tumor	NA
TGGGAAGCATGTCGAT	tumor	NA
TGGGCGTGTCTAGAGG	tumor	NA
TGGTTAGAGCACGCCT	tumor	NA
TGGTTAGTCCGTACAA	normal	NA
TGGTTCCAGACAAAGG	normal	NA
TGGTTCCAGCGTTTAC	tumor	NA
TGGTTCCAGTACGTTC	tumor	NA
TGTATTCAGTATGACA	normal	NA
TGTATTCCAAGGTTCT	normal	NA
TGTCCCAAGGATGGTC	normal	NA
TGTCCCACAGATAATG	tumor	NA
TGTGTTTAGAGTAAGG	tumor	NA
TGTGTTTAGGAATGGA	normal	NA
TGTGTTTGTCCGTGAC	tumor	NA
TGTTCCGCACATCCAA	tumor	NA
TGTTCCGGTCGCGGTT	normal	NA
TGTTCCGTCACCCTCA	normal	NA
TTAACTCCAAATTGCC	tumor	NA
TTAACTCTCGGAGCAA	tumor	NA
TTAGGACCAATAACGA	normal	NA
TTAGGACGTCGCATAT	normal	NA
TTAGGCAAGCATCATC	normal	NA
TTAGGCAAGTTAAGTG	tumor	NA
TTAGGCATCTCGGACG	tumor	NA
TTAGTTCCACGAAAGC	tumor	NA
TTAGTTCCATGCTAGT	tumor	NA
TTAGTTCTCCTCTAGC	tumor	NA
TTATGCTCATAGACTC	tumor	NA
TTATGCTGTTAAGACA	tumor	NA
TTCCCAGAGCGTGAAC	tumor	NA
TTCCCAGCATGTCCTC	tumor	NA
TTCCCAGGTTGAGGTG	normal	NA
TTCCCAGTCGTTACGA	tumor	NA
TTCGAAGTCGCGTTTC	tumor	NA
TTCGAAGTCTCGTATT	tumor	NA
TTCGGTCGTCCGAGTC	tumor	NA
TTCTACACATCACAAC	tumor	NA
TTCTACAGTTCGCGAC	tumor	NA
TTCTCAATCGGTCTAA	normal	NA
TTCTCCTTCTTGGGTA	tumor	NA
TTCTTAGCAATGAAAC	tumor	NA
TTCTTAGGTCACAAGG	normal	NA
TTCTTAGGTCTAACGT	normal	NA
TTCTTAGGTGTGTGCC	normal	NA
TTGAACGCACAGATTC	tumor	NA
TTGAACGTCGGTTAAC	normal	NA
TTGACTTCAAACCCAT	tumor	NA
TTGCCGTGTTTGACTG	normal	NA
TTGCCGTTCCAAATGC	normal	NA
TTGCCGTTCTTCAACT	tumor	NA
TTGCGTCAGTACGCCC	tumor	NA
TTGGAACGTAAATACG	normal	NA
TTGGAACGTCCATCCT	tumor	NA
TTGGAACGTTCAGCGC	normal	NA
TTGGCAAAGACAATAC	tumor	NA
TTGGCAAAGGGATGGG	normal	NA
TTGGCAAAGTCGAGTG	normal	yes
TTGGCAACACGGTGTC	normal	NA
TTGGCAACATTGGCGC	tumor	NA
TTTACTGAGCGACGTA	tumor	NA
TTTACTGTCAGTCAGT	normal	NA
TTTCCTCAGACTACAA	tumor	NA
TTTCCTCGTCCATGAT	tumor	NA
TTTCCTCGTCTAGTGT	tumor	NA
TTTGCGCCAATCTACG	normal	NA
TTTGCGCTCTTTCCTC	normal	NA
TTTGGTTGTAAAGTCA	tumor	NA
TTTGTCAAGCTAAACA	tumor	NA
TTTGTCAGTTCAGCGC	normal	NA
TTTGTCAGTTCCGTCT	normal	NA
